Title,Link
Harry Potter i Kamień Filozoficzny,https://lubimyczytac.pl/ksiazka/5103137/harry-potter-i-kamien-filozoficzny
Harry Potter i Komnata Tajemnic,https://lubimyczytac.pl/ksiazka/5103141/harry-potter-i-komnata-tajemnic
Harry Potter i więzień Azkabanu,https://lubimyczytac.pl/ksiazka/5103140/harry-potter-i-wiezien-azkabanu
Harry Potter i Czara Ognia,https://lubimyczytac.pl/ksiazka/5103135/harry-potter-i-czara-ognia
Mały Książę. Wydanie ekskluzywne,https://lubimyczytac.pl/ksiazka/4973956/maly-ksiaze-wydanie-ekskluzywne
Harry Potter i Zakon Feniksa,https://lubimyczytac.pl/ksiazka/5103136/harry-potter-i-zakon-feniksa
Harry Potter i Książę Półkrwi,https://lubimyczytac.pl/ksiazka/5103138/harry-potter-i-ksiaze-polkrwi
Harry Potter i insygnia śmierci,https://lubimyczytac.pl/ksiazka/5103142/harry-potter-i-insygnia-smierci
"Hobbit, czyli tam i z powrotem",https://lubimyczytac.pl/ksiazka/5121473/hobbit-czyli-tam-i-z-powrotem
Mistrz i Małgorzata,https://lubimyczytac.pl/ksiazka/5121693/mistrz-i-malgorzata
Ostatnie życzenie,https://lubimyczytac.pl/ksiazka/240310/ostatnie-zyczenie
Cień wiatru,https://lubimyczytac.pl/ksiazka/4802748/cien-wiatru
Zmierzch. Wydanie specjalne,https://lubimyczytac.pl/ksiazka/5090872/zmierzch-wydanie-specjalne
Igrzyska śmierci. Wydanie ilustrowane,https://lubimyczytac.pl/ksiazka/5133188/igrzyska-smierci-wydanie-ilustrowane
"Mężczyźni, którzy nienawidzą kobiet",https://lubimyczytac.pl/ksiazka/27644/mezczyzni-ktorzy-nienawidza-kobiet
Krew elfów,https://lubimyczytac.pl/ksiazka/240512/krew-elfow
Zbrodnia i kara,https://lubimyczytac.pl/ksiazka/5053602/zbrodnia-i-kara
Kod Leonarda da Vinci,https://lubimyczytac.pl/ksiazka/5090419/kod-leonarda-da-vinci
Oskar i pani Róża,https://lubimyczytac.pl/ksiazka/4953463/oskar-i-pani-roza
Miecz przeznaczenia,https://lubimyczytac.pl/ksiazka/240312/miecz-przeznaczenia
Gra o tron,https://lubimyczytac.pl/ksiazka/5114422/gra-o-tron
Czas pogardy,https://lubimyczytac.pl/ksiazka/240513/czas-pogardy
Pięćdziesiąt twarzy Greya,https://lubimyczytac.pl/ksiazka/242780/piecdziesiat-twarzy-greya
Księżyc w nowiu. Wydanie specjalne,https://lubimyczytac.pl/ksiazka/5104648/ksiezyc-w-nowiu-wydanie-specjalne
W pierścieniu ognia,https://lubimyczytac.pl/ksiazka/47513/w-pierscieniu-ognia
Chrzest ognia,https://lubimyczytac.pl/ksiazka/240524/chrzest-ognia
Dziewczyna z pociągu,https://lubimyczytac.pl/ksiazka/3766803/dziewczyna-z-pociagu
Lalka,https://lubimyczytac.pl/ksiazka/5129158/lalka
Ania z Zielonego Wzgórza,https://lubimyczytac.pl/ksiazka/4898544/ania-z-zielonego-wzgorza
Przed świtem. Wydanie specjalne,https://lubimyczytac.pl/ksiazka/5134953/przed-switem-wydanie-specjalne
Zaćmienie. Wydanie specjalne,https://lubimyczytac.pl/ksiazka/5120118/zacmienie-wydanie-specjalne
Kosogłos,https://lubimyczytac.pl/ksiazka/55229/kosoglos
"Dziewczyna, która igrała z ogniem",https://lubimyczytac.pl/ksiazka/30588/dziewczyna-ktora-igrala-z-ogniem
Drużyna Pierścienia,https://lubimyczytac.pl/ksiazka/159957/druzyna-pierscienia
Wieża Jaskółki,https://lubimyczytac.pl/ksiazka/240525/wieza-jaskolki
Kamienie na szaniec,https://lubimyczytac.pl/ksiazka/10416/kamienie-na-szaniec
Pani Jeziora,https://lubimyczytac.pl/ksiazka/240527/pani-jeziora
Anioły i demony,https://lubimyczytac.pl/ksiazka/5006982/anioly-i-demony
"Zamek z piasku, który runął",https://lubimyczytac.pl/ksiazka/299353/zamek-z-piasku-ktory-runal
"My, dzieci z dworca ZOO",https://lubimyczytac.pl/ksiazka/47662/my-dzieci-z-dworca-zoo
Dwie wieże,https://lubimyczytac.pl/ksiazka/265271/dwie-wieze
Buszujący w zbożu,https://lubimyczytac.pl/ksiazka/4912507/buszujacy-w-zbozu
Dżuma,https://lubimyczytac.pl/ksiazka/5049460/dzuma
Alchemik,https://lubimyczytac.pl/ksiazka/5111895/alchemik
Powrót Króla,https://lubimyczytac.pl/ksiazka/265275/powrot-krola
Gwiazd naszych wina,https://lubimyczytac.pl/ksiazka/5065604/gwiazd-naszych-wina
Dzieci z Bullerbyn,https://lubimyczytac.pl/ksiazka/293762/dzieci-z-bullerbyn
W pustyni i w puszczy,https://lubimyczytac.pl/ksiazka/4979727/w-pustyni-i-w-puszczy
Ojciec chrzestny,https://lubimyczytac.pl/ksiazka/5054130/ojciec-chrzestny
Starcie królów,https://lubimyczytac.pl/ksiazka/5118310/starcie-krolow
Romeo i Julia,https://lubimyczytac.pl/ksiazka/5102748/romeo-i-julia
Miasto kości,https://lubimyczytac.pl/ksiazka/4807935/miasto-kosci
Pan Tadeusz,https://lubimyczytac.pl/ksiazka/5110648/pan-tadeusz
Metro 2033,https://lubimyczytac.pl/ksiazka/4864254/metro-2033
Za zamkniętymi drzwiami (wydanie z dwoma opowiadaniami),https://lubimyczytac.pl/ksiazka/5127548/za-zamknietymi-drzwiami-wydanie-z-dwoma-opowiadaniami
Złodziejka książek,https://lubimyczytac.pl/ksiazka/4871869/zlodziejka-ksiazek
Kasacja,https://lubimyczytac.pl/ksiazka/4904710/kasacja
Ciemniejsza strona Greya,https://lubimyczytac.pl/ksiazka/153707/ciemniejsza-strona-greya
Zielona Mila,https://lubimyczytac.pl/ksiazka/5118402/zielona-mila
Gra Anioła,https://lubimyczytac.pl/ksiazka/4802749/gra-aniola
Księżniczka z lodu,https://lubimyczytac.pl/ksiazka/4944295/ksiezniczka-z-lodu
Lśnienie,https://lubimyczytac.pl/ksiazka/5124022/lsnienie
Pachnidło. Historia pewnego mordercy,https://lubimyczytac.pl/ksiazka/4983356/pachnidlo-historia-pewnego-mordercy
Nowy wspaniały świat,https://lubimyczytac.pl/ksiazka/5043467/nowy-wspanialy-swiat
Makbet,https://lubimyczytac.pl/ksiazka/5040220/makbet
"Lew, czarownica i stara szafa",https://lubimyczytac.pl/ksiazka/33905/lew-czarownica-i-stara-szafa
Weronika postanawia umrzeć,https://lubimyczytac.pl/ksiazka/5111898/weronika-postanawia-umrzec
Nawałnica mieczy. Stal i śnieg,https://lubimyczytac.pl/ksiazka/5127619/nawalnica-mieczy-stal-i-snieg
Smętarz dla zwierzaków,https://lubimyczytac.pl/ksiazka/4882388/smetarz-dla-zwierzakow
Gdzie śpiewają raki,https://lubimyczytac.pl/ksiazka/5019183/gdzie-spiewaja-raki
Stary człowiek i morze,https://lubimyczytac.pl/ksiazka/5003593/stary-czlowiek-i-morze
I nie było już nikogo,https://lubimyczytac.pl/ksiazka/4971805/i-nie-bylo-juz-nikogo
Zanim się pojawiłeś,https://lubimyczytac.pl/ksiazka/5118366/zanim-sie-pojawiles
Pan Lodowego Ogrodu - księga I,https://lubimyczytac.pl/ksiazka/4970867/pan-lodowego-ogrodu---ksiega-i
Krzyżacy,https://lubimyczytac.pl/ksiazka/4920604/krzyzacy
Nawałnica mieczy. Krew i złoto,https://lubimyczytac.pl/ksiazka/5134058/nawalnica-mieczy-krew-i-zloto
Ferdydurke,https://lubimyczytac.pl/ksiazka/137461/ferdydurke
"Opowieść wigilijna, czyli kolęda prozą",https://lubimyczytac.pl/ksiazka/5085047/opowiesc-wigilijna-czyli-koleda-proza
Sezon burz,https://lubimyczytac.pl/ksiazka/199630/sezon-burz
Cierpienia młodego Wertera,https://lubimyczytac.pl/ksiazka/4919644/cierpienia-mlodego-wertera
Ten obcy,https://lubimyczytac.pl/ksiazka/4932059/ten-obcy
Malowany człowiek,https://lubimyczytac.pl/ksiazka/4983288/malowany-czlowiek
Proces,https://lubimyczytac.pl/ksiazka/5040893/proces
Nowe oblicze Greya,https://lubimyczytac.pl/ksiazka/153709/nowe-oblicze-greya
Carrie,https://lubimyczytac.pl/ksiazka/5133852/carrie
Chemia śmierci,https://lubimyczytac.pl/ksiazka/4930530/chemia-smierci
Diuna,https://lubimyczytac.pl/ksiazka/4942534/diuna
Szeptem,https://lubimyczytac.pl/ksiazka/5100977/szeptem
Miasto popiołów,https://lubimyczytac.pl/ksiazka/4807936/miasto-popiolow
Miasteczko Salem,https://lubimyczytac.pl/ksiazka/4863413/miasteczko-salem
Jedenaście minut,https://lubimyczytac.pl/ksiazka/5111896/jedenascie-minut
Sto lat samotności,https://lubimyczytac.pl/ksiazka/5045946/sto-lat-samotnosci
Przedwiośnie,https://lubimyczytac.pl/ksiazka/5122084/przedwiosnie
Władca Pierścieni,https://lubimyczytac.pl/ksiazka/209143/wladca-pierscieni
Uczta dla wron: Cienie śmierci,https://lubimyczytac.pl/ksiazka/252979/uczta-dla-wron-cienie-smierci
Pamiętnik narkomanki,https://lubimyczytac.pl/ksiazka/27629/pamietnik-narkomanki
Zaginięcie,https://lubimyczytac.pl/ksiazka/4879013/zaginiecie
Dziennik Bridget Jones,https://lubimyczytac.pl/ksiazka/4862895/dziennik-bridget-jones
Niezgodna,https://lubimyczytac.pl/ksiazka/5122929/niezgodna
Intruz,https://lubimyczytac.pl/ksiazka/174518/intruz
Lolita,https://lubimyczytac.pl/ksiazka/4957956/lolita
Dziady,https://lubimyczytac.pl/ksiazka/4845037/dziady
Harry Potter i Przeklęte Dziecko,https://lubimyczytac.pl/ksiazka/272814/harry-potter-i-przeklete-dziecko
Nie mów nikomu,https://lubimyczytac.pl/ksiazka/5088840/nie-mow-nikomu
Gildia Magów,https://lubimyczytac.pl/ksiazka/4876175/gildia-magow
Quo vadis,https://lubimyczytac.pl/ksiazka/5131372/quo-vadis
Lot nad kukułczym gniazdem,https://lubimyczytac.pl/ksiazka/4862746/lot-nad-kukulczym-gniazdem
Inny Świat. Zapiski sowieckie,https://lubimyczytac.pl/ksiazka/4881732/inny-swiat-zapiski-sowieckie
Antygona,https://lubimyczytac.pl/ksiazka/139929/antygona
Hopeless,https://lubimyczytac.pl/ksiazka/5018211/hopeless
Jądro ciemności,https://lubimyczytac.pl/ksiazka/262117/jadro-ciemnosci
Miasto szkła,https://lubimyczytac.pl/ksiazka/4807937/miasto-szkla
Kaznodzieja,https://lubimyczytac.pl/ksiazka/4947473/kaznodzieja
Balladyna,https://lubimyczytac.pl/ksiazka/4970607/balladyna
Tatuażysta z Auschwitz,https://lubimyczytac.pl/ksiazka/5113703/tatuazysta-z-auschwitz
Uczta dla wron: Sieć spisków,https://lubimyczytac.pl/ksiazka/253110/uczta-dla-wron-siec-spiskow
Morderstwo w Orient Expressie,https://lubimyczytac.pl/ksiazka/4936102/morderstwo-w-orient-expressie
Inferno,https://lubimyczytac.pl/ksiazka/5075862/inferno
Eragon,https://lubimyczytac.pl/ksiazka/4896955/eragon
Wesele,https://lubimyczytac.pl/ksiazka/5111037/wesele
Imię róży,https://lubimyczytac.pl/ksiazka/4946948/imie-rozy
Zdążyć przed Panem Bogiem,https://lubimyczytac.pl/ksiazka/4859145/zdazyc-przed-panem-bogiem
Zaginiony symbol,https://lubimyczytac.pl/ksiazka/5006981/zaginiony-symbol
Misery,https://lubimyczytac.pl/ksiazka/4552668/misery
Taniec ze smokami. Część 1,https://lubimyczytac.pl/ksiazka/301205/taniec-ze-smokami-czesc-1
Zabić drozda,https://lubimyczytac.pl/ksiazka/270109/zabic-drozda
Pacjentka,https://lubimyczytac.pl/ksiazka/4875862/pacjentka
"O psie, który jeździł koleją",https://lubimyczytac.pl/ksiazka/309101/o-psie-ktory-jezdzil-koleja
Solaris,https://lubimyczytac.pl/ksiazka/133717/solaris
Pan Lodowego Ogrodu - księga II,https://lubimyczytac.pl/ksiazka/4970869/pan-lodowego-ogrodu---ksiega-ii
Kamieniarz,https://lubimyczytac.pl/ksiazka/4951310/kamieniarz
Chłopcy z ulicy Pawła,https://lubimyczytac.pl/ksiazka/5115084/chlopcy-z-ulicy-pawla
Człowiek nietoperz,https://lubimyczytac.pl/ksiazka/240128/czlowiek-nietoperz
Potop,https://lubimyczytac.pl/ksiazka/4970917/potop
Rewizja,https://lubimyczytac.pl/ksiazka/4943912/rewizja
Pamiętnik,https://lubimyczytac.pl/ksiazka/5057848/pamietnik
Taniec ze smokami. Część 2,https://lubimyczytac.pl/ksiazka/301206/taniec-ze-smokami-czesc-2
Władca much,https://lubimyczytac.pl/ksiazka/4943129/wladca-much
Więzień nieba,https://lubimyczytac.pl/ksiazka/4802750/wiezien-nieba
Uwikłanie,https://lubimyczytac.pl/ksiazka/4981352/uwiklanie
Marina,https://lubimyczytac.pl/ksiazka/49335/marina
Ślepnąc od świateł,https://lubimyczytac.pl/ksiazka/5085868/slepnac-od-swiatel
Kamizelka,https://lubimyczytac.pl/ksiazka/4978208/kamizelka
Narrenturm,https://lubimyczytac.pl/ksiazka/4971661/narrenturm
Nowicjuszka,https://lubimyczytac.pl/ksiazka/157574/nowicjuszka
Ludzie bezdomni,https://lubimyczytac.pl/ksiazka/223153/ludzie-bezdomni
Cyfrowa twierdza,https://lubimyczytac.pl/ksiazka/5009538/cyfrowa-twierdza
Tango,https://lubimyczytac.pl/ksiazka/234034/tango
Behawiorysta,https://lubimyczytac.pl/ksiazka/5006528/behawiorysta
Nieznośna lekkość bytu,https://lubimyczytac.pl/ksiazka/5113214/nieznosna-lekkosc-bytu
Granica,https://lubimyczytac.pl/ksiazka/4869161/granica
Pan Lodowego Ogrodu - księga III,https://lubimyczytac.pl/ksiazka/4974295/pan-lodowego-ogrodu---ksiega-iii
Ziarno prawdy,https://lubimyczytac.pl/ksiazka/4981350/ziarno-prawdy
Kordian,https://lubimyczytac.pl/ksiazka/70023/kordian
Gringo wśród dzikich plemion,https://lubimyczytac.pl/ksiazka/48061/gringo-wsrod-dzikich-plemion
Ofiara losu,https://lubimyczytac.pl/ksiazka/4954678/ofiara-losu
Latarnik,https://lubimyczytac.pl/ksiazka/4892835/latarnik
Akademia Pana Kleksa,https://lubimyczytac.pl/ksiazka/200012/akademia-pana-kleksa
Rywalki,https://lubimyczytac.pl/ksiazka/198949/rywalki
Szatan z siódmej klasy,https://lubimyczytac.pl/ksiazka/138444/szatan-z-siodmej-klasy
Wyznania gejszy,https://lubimyczytac.pl/ksiazka/5030146/wyznania-gejszy
Król Edyp,https://lubimyczytac.pl/ksiazka/24705/krol-edyp
Żmijowisko,https://lubimyczytac.pl/ksiazka/4900323/zmijowisko
Wielki Mistrz,https://lubimyczytac.pl/ksiazka/153449/wielki-mistrz
Złodziej Pioruna,https://lubimyczytac.pl/ksiazka/5099889/zlodziej-pioruna
Niemiecki bękart,https://lubimyczytac.pl/ksiazka/5039246/niemiecki-bekart
Małe życie,https://lubimyczytac.pl/ksiazka/299037/male-zycie
Ostatnia piosenka,https://lubimyczytac.pl/ksiazka/5005609/ostatnia-piosenka
Samotność w sieci,https://lubimyczytac.pl/ksiazka/4597773/samotnosc-w-sieci
Robinson Crusoe,https://lubimyczytac.pl/ksiazka/4981470/robinson-crusoe
Miasto upadłych aniołów,https://lubimyczytac.pl/ksiazka/4899219/miasto-upadlych-aniolow
Medaliony,https://lubimyczytac.pl/ksiazka/92926/medaliony
Immunitet,https://lubimyczytac.pl/ksiazka/4990168/immunitet
Anna Karenina,https://lubimyczytac.pl/ksiazka/5043957/anna-karenina
Kroniki Jakuba Wędrowycza,https://lubimyczytac.pl/ksiazka/5049/kroniki-jakuba-wedrowycza
Zemsta,https://lubimyczytac.pl/ksiazka/40974/zemsta
Chłopi,https://lubimyczytac.pl/ksiazka/5084698/chlopi
Anne z Avonlea,https://lubimyczytac.pl/ksiazka/5010700/anne-z-avonlea
Ekspozycja,https://lubimyczytac.pl/ksiazka/5090156/ekspozycja
Crescendo,https://lubimyczytac.pl/ksiazka/5107158/crescendo
Król,https://lubimyczytac.pl/ksiazka/4944147/krol
Przeminęło z wiatrem,https://lubimyczytac.pl/ksiazka/4908498/przeminelo-z-wiatrem
Książę Kaspian,https://lubimyczytac.pl/ksiazka/8651/ksiaze-kaspian
Szklany tron,https://lubimyczytac.pl/ksiazka/5126665/szklany-tron
Anne z Redmondu,https://lubimyczytac.pl/ksiazka/5021684/anne-z-redmondu
Zapisane w kościach,https://lubimyczytac.pl/ksiazka/4966834/zapisane-w-kosciach
Zbuntowana,https://lubimyczytac.pl/ksiazka/5122928/zbuntowana
Opowieść podręcznej,https://lubimyczytac.pl/ksiazka/5104431/opowiesc-podrecznej
Kwiat pustyni. Z namiotu Nomadów do Nowego Jorku,https://lubimyczytac.pl/ksiazka/47775/kwiat-pustyni-z-namiotu-nomadow-do-nowego-jorku
Dwór cierni i róż,https://lubimyczytac.pl/ksiazka/5109814/dwor-cierni-i-roz
Pierwszy śnieg,https://lubimyczytac.pl/ksiazka/240113/pierwszy-snieg
Książę Mgły,https://lubimyczytac.pl/ksiazka/5018919/ksiaze-mgly
Achaja. Tom I,https://lubimyczytac.pl/ksiazka/4939571/achaja-tom-i
Gniew,https://lubimyczytac.pl/ksiazka/4981349/gniew
To,https://lubimyczytac.pl/ksiazka/5076344/to
Norwegian Wood,https://lubimyczytac.pl/ksiazka/5117382/norwegian-wood
Karaluchy,https://lubimyczytac.pl/ksiazka/240126/karaluchy
Pan Lodowego Ogrodu - księga IV,https://lubimyczytac.pl/ksiazka/4988342/pan-lodowego-ogrodu---ksiega-iv
Dziedzictwo,https://lubimyczytac.pl/ksiazka/4896958/dziedzictwo
Inwigilacja,https://lubimyczytac.pl/ksiazka/4968996/inwigilacja
Metro 2034,https://lubimyczytac.pl/ksiazka/4864256/metro-2034
Czerwień rubinu,https://lubimyczytac.pl/ksiazka/4399069/czerwien-rubinu
Syzyfowe prace,https://lubimyczytac.pl/ksiazka/4970904/syzyfowe-prace
Kolor magii,https://lubimyczytac.pl/ksiazka/4560/kolor-magii
"Zostań, jeśli kochasz",https://lubimyczytac.pl/ksiazka/230080/zostan-jesli-kochasz
Hamlet,https://lubimyczytac.pl/ksiazka/5049639/hamlet
Jesienna miłość,https://lubimyczytac.pl/ksiazka/4955624/jesienna-milosc
Opium w rosole,https://lubimyczytac.pl/ksiazka/9264/opium-w-rosole
Maybe Someday,https://lubimyczytac.pl/ksiazka/3927952/maybe-someday
Syrenka,https://lubimyczytac.pl/ksiazka/4961736/syrenka
Fabrykantka aniołków,https://lubimyczytac.pl/ksiazka/4969120/fabrykantka-aniolkow
Silmarillion. Wersja ilustrowana,https://lubimyczytac.pl/ksiazka/4805786/silmarillion-wersja-ilustrowana
Chirurg,https://lubimyczytac.pl/ksiazka/5028785/chirurg
Mitologia,https://lubimyczytac.pl/ksiazka/5133839/mitologia
Skąpiec,https://lubimyczytac.pl/ksiazka/48889/skapiec
Latarnik,https://lubimyczytac.pl/ksiazka/5039245/latarnik
Stowarzyszenie umarłych poetów,https://lubimyczytac.pl/ksiazka/4862772/stowarzyszenie-umarlych-poetow
A ja żem jej powiedziała...,https://lubimyczytac.pl/ksiazka/4847778/a-ja-zem-jej-powiedziala
"Love, Rosie",https://lubimyczytac.pl/ksiazka/235735/love-rosie
Ruiny Gorlanu,https://lubimyczytac.pl/ksiazka/4989803/ruiny-gorlanu
Miłość w czasach zarazy,https://lubimyczytac.pl/ksiazka/5088194/milosc-w-czasach-zarazy
Milczenie owiec,https://lubimyczytac.pl/ksiazka/4874507/milczenie-owiec
Słowik,https://lubimyczytac.pl/ksiazka/3788800/slowik
Boży bojownicy,https://lubimyczytac.pl/ksiazka/4970629/bozy-bojownicy
Dziwne losy Jane Eyre,https://lubimyczytac.pl/ksiazka/4968674/dziwne-losy-jane-eyre
Na skraju załamania,https://lubimyczytac.pl/ksiazka/4811898/na-skraju-zalamania
Szeptucha,https://lubimyczytac.pl/ksiazka/5052879/szeptucha
Czerwone gardło,https://lubimyczytac.pl/ksiazka/240125/czerwone-gardlo
Najstarszy,https://lubimyczytac.pl/ksiazka/4896956/najstarszy
Dotknij mnie,https://lubimyczytac.pl/ksiazka/5035297/dotknij-mnie
I wciąż ją kocham,https://lubimyczytac.pl/ksiazka/4972428/i-wciaz-ja-kocham
Joyland,https://lubimyczytac.pl/ksiazka/176275/joyland
Droga,https://lubimyczytac.pl/ksiazka/4884896/droga
Rozważna i romantyczna,https://lubimyczytac.pl/ksiazka/5041103/rozwazna-i-romantyczna
It Ends with Us,https://lubimyczytac.pl/ksiazka/5120498/it-ends-with-us
Miasto zagubionych dusz,https://lubimyczytac.pl/ksiazka/4899220/miasto-zagubionych-dusz
Cisza,https://lubimyczytac.pl/ksiazka/5128667/cisza
Naznaczona,https://lubimyczytac.pl/ksiazka/10572/naznaczona
Gra Endera,https://lubimyczytac.pl/ksiazka/193046/gra-endera
Ręka mistrza,https://lubimyczytac.pl/ksiazka/29308/reka-mistrza
Elita,https://lubimyczytac.pl/ksiazka/218750/elita
Kłamczucha,https://lubimyczytac.pl/ksiazka/8783/klamczucha
Kubuś Puchatek,https://lubimyczytac.pl/ksiazka/5061272/kubus-puchatek
Myszy i ludzie,https://lubimyczytac.pl/ksiazka/5013908/myszy-i-ludzie
Sapiens. Od zwierząt do bogów,https://lubimyczytac.pl/ksiazka/5097749/sapiens-od-zwierzat-do-bogow
Hrabia Monte Christo,https://lubimyczytac.pl/ksiazka/5066215/hrabia-monte-christo
Mechaniczny anioł,https://lubimyczytac.pl/ksiazka/4962454/mechaniczny-aniol
W głębi lasu,https://lubimyczytac.pl/ksiazka/5112149/w-glebi-lasu
Ugly Love,https://lubimyczytac.pl/ksiazka/3927934/ugly-love
Papierowe miasta,https://lubimyczytac.pl/ksiazka/5073486/papierowe-miasta
Pan Mercedes,https://lubimyczytac.pl/ksiazka/5121690/pan-mercedes
27 śmierci Toby’ego Obeda,https://lubimyczytac.pl/ksiazka/4882986/27-smierci-toby-ego-obeda
Zwodniczy punkt,https://lubimyczytac.pl/ksiazka/5048489/zwodniczy-punkt
Ptasiek,https://lubimyczytac.pl/ksiazka/4862759/ptasiek
Na brzegu rzeki Piedry usiadłam i płakałam,https://lubimyczytac.pl/ksiazka/5128637/na-brzegu-rzeki-piedry-usiadlam-i-plakalam
Paragraf 22,https://lubimyczytac.pl/ksiazka/4890495/paragraf-22
Bastion,https://lubimyczytac.pl/ksiazka/5096071/bastion
Bez skrupułów,https://lubimyczytac.pl/ksiazka/5112153/bez-skrupulow
Podróż Wędrowca do Świtu,https://lubimyczytac.pl/ksiazka/83864/podroz-wedrowca-do-switu
Cztery pory roku,https://lubimyczytac.pl/ksiazka/5056886/cztery-pory-roku
Ogniem i mieczem,https://lubimyczytac.pl/ksiazka/5097807/ogniem-i-mieczem
Świętoszek,https://lubimyczytac.pl/ksiazka/98147/swietoszek
Baśnie barda Beedle’a,https://lubimyczytac.pl/ksiazka/4310476/basnie-barda-beedle-a
Morze Potworów,https://lubimyczytac.pl/ksiazka/5099890/morze-potworow
Oskarżenie,https://lubimyczytac.pl/ksiazka/4775891/oskarzenie
Kwiat Kalafiora,https://lubimyczytac.pl/ksiazka/283586/kwiat-kalafiora
Bez mojej zgody,https://lubimyczytac.pl/ksiazka/53806/bez-mojej-zgody
Jeździec miedziany,https://lubimyczytac.pl/ksiazka/271935/jezdziec-miedziany
Przewieszenie,https://lubimyczytac.pl/ksiazka/5090184/przewieszenie
Błękit szafiru,https://lubimyczytac.pl/ksiazka/4784000/blekit-szafiru
Chłopki. Opowieść o naszych babkach,https://lubimyczytac.pl/ksiazka/5066278/chlopki-opowiesc-o-naszych-babkach
Chłopiec z latawcem,https://lubimyczytac.pl/ksiazka/4979239/chlopiec-z-latawcem
Achaja. Tom II,https://lubimyczytac.pl/ksiazka/4939573/achaja-tom-ii
Nieodnaleziona,https://lubimyczytac.pl/ksiazka/4818257/nieodnaleziona
Więzień labiryntu,https://lubimyczytac.pl/ksiazka/233123/wiezien-labiryntu
Motylek,https://lubimyczytac.pl/ksiazka/5079962/motylek
Dallas '63,https://lubimyczytac.pl/ksiazka/114884/dallas-63
Lux perpetua,https://lubimyczytac.pl/ksiazka/4970632/lux-perpetua
Szóstka wron,https://lubimyczytac.pl/ksiazka/309434/szostka-wron
Droga Królów,https://lubimyczytac.pl/ksiazka/4896952/droga-krolow
Wołanie kukułki,https://lubimyczytac.pl/ksiazka/4898684/wolanie-kukulki
Wierna,https://lubimyczytac.pl/ksiazka/5122931/wierna
Marsjanin,https://lubimyczytac.pl/ksiazka/235716/marsjanin
Prowadź swój pług przez kości umarłych,https://lubimyczytac.pl/ksiazka/4993181/prowadz-swoj-plug-przez-kosci-umarlych
Szepty zmarłych,https://lubimyczytac.pl/ksiazka/3932312/szepty-zmarlych
Dwór mgieł i furii,https://lubimyczytac.pl/ksiazka/5109815/dwor-mgiel-i-furii
Jedyna,https://lubimyczytac.pl/ksiazka/228568/jedyna
Prawiek i inne czasy,https://lubimyczytac.pl/ksiazka/4945514/prawiek-i-inne-czasy
Wywiad z wampirem,https://lubimyczytac.pl/ksiazka/4810/wywiad-z-wampirem
Zieleń szmaragdu,https://lubimyczytac.pl/ksiazka/5127555/zielen-szmaragdu
365 dni,https://lubimyczytac.pl/ksiazka/4850591/365-dni
Brisingr,https://lubimyczytac.pl/ksiazka/4896957/brisingr
Szklany klosz,https://lubimyczytac.pl/ksiazka/5042443/szklany-klosz
Bridget Jones. W pogoni za rozumem,https://lubimyczytac.pl/ksiazka/214395/bridget-jones-w-pogoni-za-rozumem
Nie-Boska komedia,https://lubimyczytac.pl/ksiazka/221526/nie-boska-komedia
Pogromca lwów,https://lubimyczytac.pl/ksiazka/252399/pogromca-lwow
Wielki Marsz,https://lubimyczytac.pl/ksiazka/27816/wielki-marsz
Anne z Szumiących Wierzb,https://lubimyczytac.pl/ksiazka/5050030/anne-z-szumiacych-wierzb
Pochłaniacz,https://lubimyczytac.pl/ksiazka/5102206/pochlaniacz
Trafny wybór,https://lubimyczytac.pl/ksiazka/153832/trafny-wybor
Alicja w Krainie Czarów,https://lubimyczytac.pl/ksiazka/4988571/alicja-w-krainie-czarow
Amerykańscy bogowie,https://lubimyczytac.pl/ksiazka/3868566/amerykanscy-bogowie
Pies Baskervillów,https://lubimyczytac.pl/ksiazka/4808401/pies-baskervillow
Testament,https://lubimyczytac.pl/ksiazka/4822167/testament
Rio Anaconda. Gringo i ostatni szaman plemienia Carapana,https://lubimyczytac.pl/ksiazka/4962845/rio-anaconda-gringo-i-ostatni-szaman-plemienia-carapana
Trawers,https://lubimyczytac.pl/ksiazka/5090150/trawers
Klątwa Tytana,https://lubimyczytac.pl/ksiazka/5099891/klatwa-tytana
Trzeci klucz,https://lubimyczytac.pl/ksiazka/240121/trzeci-klucz
Szukając Alaski,https://lubimyczytac.pl/ksiazka/5073627/szukajac-alaski
Forrest Gump,https://lubimyczytac.pl/ksiazka/5102434/forrest-gump
Achaja. Tom III,https://lubimyczytac.pl/ksiazka/4939574/achaja-tom-iii
Bieguni,https://lubimyczytac.pl/ksiazka/5016269/bieguni
Rzeźnia numer pięć,https://lubimyczytac.pl/ksiazka/4866215/rzeznia-numer-piec
Pentagram,https://lubimyczytac.pl/ksiazka/240120/pentagram
After. Płomień pod moją skórą,https://lubimyczytac.pl/ksiazka/4878435/after-plomien-pod-moja-skora
Korona w mroku,https://lubimyczytac.pl/ksiazka/5126667/korona-w-mroku
Przygody Toma Sawyera,https://lubimyczytac.pl/ksiazka/5046886/przygody-toma-sawyera
Sklepik z marzeniami,https://lubimyczytac.pl/ksiazka/5081262/sklepik-z-marzeniami
"Ja, inkwizytor. Sługa Boży",https://lubimyczytac.pl/ksiazka/279061/ja-inkwizytor-sluga-bozy
Okrutny książę,https://lubimyczytac.pl/ksiazka/4856796/okrutny-ksiaze
Czerwona Królowa,https://lubimyczytac.pl/ksiazka/242094/czerwona-krolowa
Karolcia,https://lubimyczytac.pl/ksiazka/35397/karolcia
Nad Niemnem,https://lubimyczytac.pl/ksiazka/4929358/nad-niemnem
Blask fantastyczny,https://lubimyczytac.pl/ksiazka/4882/blask-fantastyczny
Polska odwraca oczy,https://lubimyczytac.pl/ksiazka/4629944/polska-odwraca-oczy
Mała księżniczka,https://lubimyczytac.pl/ksiazka/4957894/mala-ksiezniczka
Kwiaty na poddaszu,https://lubimyczytac.pl/ksiazka/4878642/kwiaty-na-poddaszu
Finale,https://lubimyczytac.pl/ksiazka/154208/finale
Płonący most,https://lubimyczytac.pl/ksiazka/4989806/plonacy-most
Człowiek w poszukiwaniu sensu,https://lubimyczytac.pl/ksiazka/4924482/czlowiek-w-poszukiwaniu-sensu
13 powodów,https://lubimyczytac.pl/ksiazka/4464973/13-powodow
Co nas nie zabije,https://lubimyczytac.pl/ksiazka/256915/co-nas-nie-zabije
Pinokio,https://lubimyczytac.pl/ksiazka/5034093/pinokio
Diabeł ubiera się u Prady,https://lubimyczytac.pl/ksiazka/4843308/diabel-ubiera-sie-u-prady
Szósta klepka,https://lubimyczytac.pl/ksiazka/10691/szosta-klepka
Drakula,https://lubimyczytac.pl/ksiazka/4988132/drakula
Kłamca. Writer's cut,https://lubimyczytac.pl/ksiazka/4864575/klamca-writer-s-cut
Mort,https://lubimyczytac.pl/ksiazka/4276/mort
Drugie życie Bree Tanner,https://lubimyczytac.pl/ksiazka/53870/drugie-zycie-bree-tanner
Bitwa w Labiryncie,https://lubimyczytac.pl/ksiazka/5099892/bitwa-w-labiryncie
Mechaniczny książę,https://lubimyczytac.pl/ksiazka/4962456/mechaniczny-ksiaze
Wołanie grobu,https://lubimyczytac.pl/ksiazka/4912455/wolanie-grobu
Opowieści z Narnii. Srebrne krzesło,https://lubimyczytac.pl/ksiazka/9600/opowiesci-z-narnii-srebrne-krzeslo
Czarownik Iwanow,https://lubimyczytac.pl/ksiazka/5047/czarownik-iwanow
Na Zachodzie bez zmian,https://lubimyczytac.pl/ksiazka/5036477/na-zachodzie-bez-zmian
Poczwarka,https://lubimyczytac.pl/ksiazka/37079/poczwarka
Mesjasz Diuny,https://lubimyczytac.pl/ksiazka/5114513/mesjasz-diuny
Będzie bolało. Sekretny dziennik młodego lekarza,https://lubimyczytac.pl/ksiazka/5021898/bedzie-bolalo-sekretny-dziennik-mlodego-lekarza
Bez pożegnania,https://lubimyczytac.pl/ksiazka/4974990/bez-pozegnania
Miasto niebiańskiego ognia,https://lubimyczytac.pl/ksiazka/4899221/miasto-niebianskiego-ognia
Akademia wampirów,https://lubimyczytac.pl/ksiazka/5057734/akademia-wampirow
Kiedy odszedłeś,https://lubimyczytac.pl/ksiazka/5118367/kiedy-odszedles
Kontratyp,https://lubimyczytac.pl/ksiazka/4860112/kontratyp
Listy zza grobu,https://lubimyczytac.pl/ksiazka/4884805/listy-zza-grobu
Dotyk Crossa,https://lubimyczytac.pl/ksiazka/4872135/dotyk-crossa
"Ciemno, prawie noc",https://lubimyczytac.pl/ksiazka/4947246/ciemno-prawie-noc
Ostatni Olimpijczyk,https://lubimyczytac.pl/ksiazka/5099909/ostatni-olimpijczyk
Siedmiu mężów Evelyn Hugo,https://lubimyczytac.pl/ksiazka/5132367/siedmiu-mezow-evelyn-hugo
Piętno,https://lubimyczytac.pl/ksiazka/4913941/pietno
Tysiąc wspaniałych słońc,https://lubimyczytac.pl/ksiazka/4845547/tysiac-wspanialych-slonc
Doktor Sen,https://lubimyczytac.pl/ksiazka/4903160/doktor-sen
Ida sierpniowa,https://lubimyczytac.pl/ksiazka/9273/ida-sierpniowa
Shantaram,https://lubimyczytac.pl/ksiazka/5021300/shantaram
Dwór skrzydeł i zguby,https://lubimyczytac.pl/ksiazka/5109941/dwor-skrzydel-i-zguby
Cesarz,https://lubimyczytac.pl/ksiazka/4927165/cesarz
"Tam, gdzie spadają Anioły",https://lubimyczytac.pl/ksiazka/5035774/tam-gdzie-spadaja-anioly
"Coś się kończy, coś się zaczyna",https://lubimyczytac.pl/ksiazka/4893/cos-sie-konczy-cos-sie-zaczyna
Podpalacz,https://lubimyczytac.pl/ksiazka/4816715/podpalacz
Siewca Wiatru,https://lubimyczytac.pl/ksiazka/222428/siewca-wiatru
Koralina,https://lubimyczytac.pl/ksiazka/4592087/koralina
Studium w szkarłacie,https://lubimyczytac.pl/ksiazka/5005191/studium-w-szkarlacie
Zdradzona,https://lubimyczytac.pl/ksiazka/48119/zdradzona
Losing Hope,https://lubimyczytac.pl/ksiazka/5019877/losing-hope
Bracia Karamazow,https://lubimyczytac.pl/ksiazka/5101903/bracia-karamazow
Hyperion,https://lubimyczytac.pl/ksiazka/231216/hyperion
Policja,https://lubimyczytac.pl/ksiazka/193470/policja
Jeden dzień (okładka filmowa),https://lubimyczytac.pl/ksiazka/5100856/jeden-dzien-okladka-filmowa
Delirium,https://lubimyczytac.pl/ksiazka/5014456/delirium
Zemsta,https://lubimyczytac.pl/ksiazka/5054852/zemsta
Filary Ziemi,https://lubimyczytac.pl/ksiazka/5127549/filary-ziemi
Pod kopułą,https://lubimyczytac.pl/ksiazka/50093/pod-kopula
Nigdziebądź,https://lubimyczytac.pl/ksiazka/3652739/nigdziebadz
Pozwól mi wrócić,https://lubimyczytac.pl/ksiazka/5033230/pozwol-mi-wrocic
Wybrani,https://lubimyczytac.pl/ksiazka/5128203/wybrani
Bez śladu,https://lubimyczytac.pl/ksiazka/5119851/bez-sladu
Bezcenny,https://lubimyczytac.pl/ksiazka/4926910/bezcenny
Czarnoksiężnik z Archipelagu,https://lubimyczytac.pl/ksiazka/70614/czarnoksieznik-z-archipelagu
Mitologia nordycka,https://lubimyczytac.pl/ksiazka/3963179/mitologia-nordycka
Osobliwy dom pani Peregrine,https://lubimyczytac.pl/ksiazka/314850/osobliwy-dom-pani-peregrine
Traktat o łuskaniu fasoli,https://lubimyczytac.pl/ksiazka/4861206/traktat-o-luskaniu-fasoli
Komórka,https://lubimyczytac.pl/ksiazka/5005187/komorka
Pustynna Włócznia. Księga I,https://lubimyczytac.pl/ksiazka/5001456/pustynna-wlocznia-ksiega-i
Konrad Wallenrod,https://lubimyczytac.pl/ksiazka/4978605/konrad-wallenrod
Weźmisz czarno kure...,https://lubimyczytac.pl/ksiazka/48051/wezmisz-czarno-kure
Wyrwa,https://lubimyczytac.pl/ksiazka/5058072/wyrwa
List w butelce,https://lubimyczytac.pl/ksiazka/4974473/list-w-butelce
Dolores Claiborne,https://lubimyczytac.pl/ksiazka/4958254/dolores-claiborne
Potęga podświadomości,https://lubimyczytac.pl/ksiazka/5020329/potega-podswiadomosci
Nędznicy,https://lubimyczytac.pl/ksiazka/5082561/nedznicy
Noc Kupały,https://lubimyczytac.pl/ksiazka/5056004/noc-kupaly
Sklepy cynamonowe,https://lubimyczytac.pl/ksiazka/4918916/sklepy-cynamonowe
Fight Club. Podziemny krąg,https://lubimyczytac.pl/ksiazka/38257/fight-club-podziemny-krag
Pani Bovary,https://lubimyczytac.pl/ksiazka/5114711/pani-bovary
Cujo,https://lubimyczytac.pl/ksiazka/5109024/cujo
Cień i kość,https://lubimyczytac.pl/ksiazka/4858578/cien-i-kosc
Deniwelacja,https://lubimyczytac.pl/ksiazka/5090157/deniwelacja
Słowa światłości,https://lubimyczytac.pl/ksiazka/4905352/slowa-swiatlosci
Pałac Północy,https://lubimyczytac.pl/ksiazka/5018922/palac-polnocy
Opowieści z Narnii. Koń i jego chłopiec,https://lubimyczytac.pl/ksiazka/50940/opowiesci-z-narnii-kon-i-jego-chlopiec
Życie Pi,https://lubimyczytac.pl/ksiazka/4972328/zycie-pi
November 9,https://lubimyczytac.pl/ksiazka/3705027/november-9
Zaginiona dziewczyna,https://lubimyczytac.pl/ksiazka/234394/zaginiona-dziewczyna
451° Fahrenheita,https://lubimyczytac.pl/ksiazka/4724047/451-fahrenheita
Z mgły zrodzony,https://lubimyczytac.pl/ksiazka/255407/z-mgly-zrodzony
Dzieje Tristana i Izoldy,https://lubimyczytac.pl/ksiazka/4802397/dzieje-tristana-i-izoldy
Mendel Gdański,https://lubimyczytac.pl/ksiazka/48556/mendel-gdanski
Ziemia skuta lodem,https://lubimyczytac.pl/ksiazka/4989807/ziemia-skuta-lodem
Krótka piłka,https://lubimyczytac.pl/ksiazka/5112148/krotka-pilka
Upadli,https://lubimyczytac.pl/ksiazka/51347/upadli
Chata,https://lubimyczytac.pl/ksiazka/4268669/chata
Christine,https://lubimyczytac.pl/ksiazka/4879066/christine
Zapisane w wodzie,https://lubimyczytac.pl/ksiazka/4425138/zapisane-w-wodzie
Dziedzictwo ognia,https://lubimyczytac.pl/ksiazka/5088562/dziedzictwo-ognia
Mechaniczna księżniczka,https://lubimyczytac.pl/ksiazka/4962457/mechaniczna-ksiezniczka
Pancerne serce,https://lubimyczytac.pl/ksiazka/240112/pancerne-serce
Wybawiciel,https://lubimyczytac.pl/ksiazka/240118/wybawiciel
Opowieści z Narnii. Siostrzeniec czarodzieja,https://lubimyczytac.pl/ksiazka/8583/opowiesci-z-narnii-siostrzeniec-czarodzieja
Hashtag,https://lubimyczytac.pl/ksiazka/4854596/hashtag
"Ja, inkwizytor. Młot na czarownice",https://lubimyczytac.pl/ksiazka/305159/ja-inkwizytor-mlot-na-czarownice
Gwiezdny pył,https://lubimyczytac.pl/ksiazka/3868546/gwiezdny-pyl
"Stulatek, który wyskoczył przez okno i zniknął",https://lubimyczytac.pl/ksiazka/222447/stulatek-ktory-wyskoczyl-przez-okno-i-zniknal
Skalpel,https://lubimyczytac.pl/ksiazka/5028782/skalpel
Promyczek,https://lubimyczytac.pl/ksiazka/5006452/promyczek
Niewinny,https://lubimyczytac.pl/ksiazka/4963574/niewinny
"Ja, diablica",https://lubimyczytac.pl/ksiazka/4936839/ja-diablica
Sprawa Niny Frank,https://lubimyczytac.pl/ksiazka/294976/sprawa-niny-frank
Lesio,https://lubimyczytac.pl/ksiazka/236423/lesio
Spóźnieni kochankowie,https://lubimyczytac.pl/ksiazka/4862774/spoznieni-kochankowie
Pokolenie Ikea,https://lubimyczytac.pl/ksiazka/5056735/pokolenie-ikea
Blade Runner. Czy androidy marzą o elektrycznych owcach?,https://lubimyczytac.pl/ksiazka/99686/blade-runner-czy-androidy-marza-o-elektrycznych-owcach
Śniadanie u Tiffany'ego,https://lubimyczytac.pl/ksiazka/201887/sniadanie-u-tiffany-ego
"Wróć, jeśli pamiętasz",https://lubimyczytac.pl/ksiazka/240745/wroc-jesli-pamietasz
Umorzenie,https://lubimyczytac.pl/ksiazka/4878941/umorzenie
Świat Zofii,https://lubimyczytac.pl/ksiazka/4942466/swiat-zofii
Anne ze Złotych Iskier,https://lubimyczytac.pl/ksiazka/5099260/anne-ze-zlotych-iskier
Wojna makowa,https://lubimyczytac.pl/ksiazka/4909870/wojna-makowa
Światła września,https://lubimyczytac.pl/ksiazka/5018920/swiatla-wrzesnia
Królestwo kanciarzy,https://lubimyczytac.pl/ksiazka/4254599/krolestwo-kanciarzy
Moralność pani Dulskiej,https://lubimyczytac.pl/ksiazka/4978621/moralnosc-pani-dulskiej
Bezpieczna przystań,https://lubimyczytac.pl/ksiazka/4979233/bezpieczna-przystan
Bitwa o Skandię,https://lubimyczytac.pl/ksiazka/4989809/bitwa-o-skandie
Pustynna Włócznia. Księga II,https://lubimyczytac.pl/ksiazka/5001458/pustynna-wlocznia-ksiega-ii
Pielgrzym,https://lubimyczytac.pl/ksiazka/5128638/pielgrzym
Zanim wystygnie kawa,https://lubimyczytac.pl/ksiazka/5017747/zanim-wystygnie-kawa
Terapeutka,https://lubimyczytac.pl/ksiazka/4957574/terapeutka
Wymarzony dom Anne,https://lubimyczytac.pl/ksiazka/5069443/wymarzony-dom-anne
Chłopiec w pasiastej piżamie,https://lubimyczytac.pl/ksiazka/5060437/chlopiec-w-pasiastej-pizamie
Przebudzenie. Walka. Szał,https://lubimyczytac.pl/ksiazka/84201/przebudzenie-walka-szal
Wybrana,https://lubimyczytac.pl/ksiazka/54055/wybrana
Outsider,https://lubimyczytac.pl/ksiazka/4913862/outsider
Tatiana i Aleksander,https://lubimyczytac.pl/ksiazka/271933/tatiana-i-aleksander
Rdza,https://lubimyczytac.pl/ksiazka/4986412/rdza
Idiota,https://lubimyczytac.pl/ksiazka/5103469/idiota
Metro 2035,https://lubimyczytac.pl/ksiazka/4864257/metro-2035
Prokurator,https://lubimyczytac.pl/ksiazka/4559828/prokurator
Baśnie,https://lubimyczytac.pl/ksiazka/4261992/basnie
Odkryj mnie,https://lubimyczytac.pl/ksiazka/5035298/odkryj-mnie
Wilk stepowy,https://lubimyczytac.pl/ksiazka/314427/wilk-stepowy
Blackout,https://lubimyczytac.pl/ksiazka/4986004/blackout
Dygot,https://lubimyczytac.pl/ksiazka/4968720/dygot
Slammed,https://lubimyczytac.pl/ksiazka/5028111/slammed
Grzesznik,https://lubimyczytac.pl/ksiazka/5028791/grzesznik
Pamiętnik księżniczki,https://lubimyczytac.pl/ksiazka/5084462/pamietnik-ksiezniczki
"Jedz, módl się, kochaj",https://lubimyczytac.pl/ksiazka/21587/jedz-modl-sie-kochaj
Równoumagicznienie,https://lubimyczytac.pl/ksiazka/4051/rownoumagicznienie
Siedem sióstr,https://lubimyczytac.pl/ksiazka/5066116/siedem-siostr
Początek,https://lubimyczytac.pl/ksiazka/3870617/poczatek
Upiory,https://lubimyczytac.pl/ksiazka/240111/upiory
Opowieści z Narnii. Ostatnia bitwa,https://lubimyczytac.pl/ksiazka/4095/opowiesci-z-narnii-ostatnia-bitwa
Próby ognia,https://lubimyczytac.pl/ksiazka/263891/proby-ognia
Farma lalek,https://lubimyczytac.pl/ksiazka/5053621/farma-lalek
Małe kobietki,https://lubimyczytac.pl/ksiazka/5118156/male-kobietki
Czarownica,https://lubimyczytac.pl/ksiazka/4263926/czarownica
Iluzjonista,https://lubimyczytac.pl/ksiazka/4902380/iluzjonista
Mechaniczna pomarańcza,https://lubimyczytac.pl/ksiazka/5039895/mechaniczna-pomarancza
Mikołajek,https://lubimyczytac.pl/ksiazka/226915/mikolajek
Czerwony smok,https://lubimyczytac.pl/ksiazka/4866266/czerwony-smok
Straż! Straż!,https://lubimyczytac.pl/ksiazka/5236/straz-straz
The Deal. Układ,https://lubimyczytac.pl/ksiazka/5083066/the-deal-uklad
Problem trzech ciał,https://lubimyczytac.pl/ksiazka/4233532/problem-trzech-cial
Morfina,https://lubimyczytac.pl/ksiazka/150339/morfina
Wyrok,https://lubimyczytac.pl/ksiazka/4897568/wyrok
Uczennica maga,https://lubimyczytac.pl/ksiazka/4425/uczennica-maga
Normalni ludzie,https://lubimyczytac.pl/ksiazka/4911105/normalni-ludzie
Żerca,https://lubimyczytac.pl/ksiazka/5033320/zerca
Syn,https://lubimyczytac.pl/ksiazka/4862798/syn
Nostalgia anioła,https://lubimyczytac.pl/ksiazka/25959/nostalgia-aniola
Obiecaj mi,https://lubimyczytac.pl/ksiazka/5127591/obiecaj-mi
Emma,https://lubimyczytac.pl/ksiazka/5075511/emma
Archer's Voice. Znaki miłości,https://lubimyczytac.pl/ksiazka/5127651/archer-s-voice-znaki-milosci
Jedwabnik,https://lubimyczytac.pl/ksiazka/4898682/jedwabnik
Instytut,https://lubimyczytac.pl/ksiazka/5094370/instytut
Nowe przygody Mikołajka,https://lubimyczytac.pl/ksiazka/4926187/nowe-przygody-mikolajka
Mężczyzna imieniem Ove,https://lubimyczytac.pl/ksiazka/5048333/mezczyzna-imieniem-ove
Janko Muzykant,https://lubimyczytac.pl/ksiazka/51285/janko-muzykant
Bezsenność,https://lubimyczytac.pl/ksiazka/5073331/bezsennosc
Podpalaczka,https://lubimyczytac.pl/ksiazka/5013913/podpalaczka
Krucyfiks,https://lubimyczytac.pl/ksiazka/5010182/krucyfiks
Zerwa,https://lubimyczytac.pl/ksiazka/5090152/zerwa
Zauroczenie,https://lubimyczytac.pl/ksiazka/62562/zauroczenie
